timestamp,original_prediction,optimized_prediction,actual_power
2025-06-01 08:15:00,13434.323,14550.674500000001,25874.7
2025-06-01 08:30:00,15667.026,14622.107666666669,26159.62
2025-06-01 08:45:00,14764.974,14764.039666666666,28708.69
2025-06-01 09:00:00,13860.119,14235.491333333333,28047.3
2025-06-01 09:15:00,14081.381,15064.083333333334,27031.66
2025-06-01 09:30:00,17250.75,16194.900333333333,28755.04
2025-06-01 09:45:00,17252.57,18277.647,29034.28
2025-06-01 10:00:00,20329.621,18645.029,29621.87
2025-06-01 10:15:00,18352.896,18890.070666666667,27459.7
2025-06-01 10:30:00,17987.695,17431.396333333334,28064.33
2025-06-01 10:45:00,15953.598,15703.7575,30979.62
2025-06-01 11:00:00,13169.9795,14932.0725,31070.26
2025-06-01 11:15:00,15672.64,15164.491499999998,33896.65
2025-06-01 11:30:00,16650.855,16744.027666666665,31752.79
2025-06-01 11:45:00,17908.588,17671.222666666665,27337.4
2025-06-01 12:00:00,18454.225,19008.470999999998,25660.95
2025-06-01 12:15:00,20662.6,20085.895333333334,28346.79
2025-06-01 12:30:00,21140.861,22176.905,32017.31
2025-06-01 12:45:00,24727.254,23669.006333333335,30180.77
2025-06-01 13:00:00,25138.904,25133.897666666668,27807.98
2025-06-01 13:15:00,25535.535,25735.001,31021.13
2025-06-01 13:30:00,26530.564,26198.887666666666,32401.62
2025-06-01 13:45:00,26530.564,27386.582666666665,34585.57
2025-06-01 14:00:00,29098.62,28242.60133333333,31944.34
2025-06-01 14:15:00,29098.62,28880.75433333333,30400.29
2025-06-01 14:30:00,28445.023,28872.407000000003,33618.73
2025-06-01 14:45:00,29073.578,27975.211333333336,34756.56
2025-06-01 15:00:00,26407.033,27295.881333333335,34197.02
2025-06-01 15:15:00,26407.033,26695.353333333333,34553.56
2025-06-01 15:30:00,27271.994,27078.115,30485.67
2025-06-01 15:45:00,27555.318,27378.663333333334,34256.55
2025-06-01 16:00:00,27308.678,26464.683,33246.44
2025-06-01 16:15:00,24530.053,25314.674,32903.52
2025-06-01 16:30:00,24105.291,24292.602333333332,27404.59
2025-06-01 16:45:00,24242.463,24437.312,31061.9
2025-06-01 17:00:00,24964.182,25435.868333333332,27681.17
2025-06-01 17:15:00,27100.96,25462.391666666663,25218.92
2025-06-01 17:30:00,24322.033,25419.229333333333,21216.34
2025-06-01 17:45:00,24834.695,25469.836,18505.16
2025-06-01 18:00:00,27252.78,25599.304333333333,18135.4
2025-06-01 18:15:00,24710.438,24928.47433333333,17065.29
2025-06-01 18:30:00,22822.205,23716.792333333335,13498.78
2025-06-01 18:45:00,23617.734,23958.238,15738.81
2025-06-01 19:00:00,25434.775,24086.841,15038.84
2025-06-01 19:15:00,23208.014,23708.20033333333,15276.06
2025-06-01 19:30:00,22481.812,22526.302,15040.21
2025-06-01 19:45:00,21889.08,21477.347333333335,15109.6
2025-06-01 20:00:00,20061.15,19991.301333333333,14970.03
2025-06-01 20:15:00,18023.674,18666.326666666664,15099.66
2025-06-01 20:30:00,17914.156,17388.643,17843.6
2025-06-01 20:45:00,16228.099,17011.341666666667,17818.67
2025-06-01 21:00:00,16891.77,16206.691666666668,17697.76
2025-06-01 21:15:00,15500.206,15012.327333333335,17787.27
2025-06-01 21:30:00,12645.006,14304.87,24080.08
2025-06-01 21:45:00,14769.398,15083.186,30075.2
2025-06-01 22:00:00,17835.154,16069.016666666665,33507.25
2025-06-01 22:15:00,15602.498,15709.117666666665,31383.19
2025-06-01 22:30:00,13689.701,13508.684333333333,34607.44
2025-06-01 22:45:00,11233.854,12834.619333333334,33773.99
2025-06-01 23:00:00,13580.303,13187.756666666666,31486.37
2025-06-01 23:15:00,14749.113,15136.089999999998,29375.97
2025-06-01 23:30:00,17078.854,16502.844999999998,34229.88
2025-06-01 23:45:00,17680.568,18792.20433333333,30874.04
2025-06-02 00:00:00,21617.191,19902.188666666665,30608.46
2025-06-02 00:15:00,20408.807,21001.091666666664,34417.22
2025-06-02 00:30:00,20977.277,21364.75333333333,32926.62
2025-06-02 00:45:00,22708.176,21839.931,36765.32
2025-06-02 01:00:00,21834.34,22003.873666666666,36052.32
2025-06-02 01:15:00,21469.105,21118.639333333333,36777.58
2025-06-02 01:30:00,20052.473,19982.742000000002,34962.41
2025-06-02 01:45:00,18426.648,18395.561,33789.03
2025-06-02 02:00:00,16707.562,16253.004,28516.5
2025-06-02 02:15:00,13624.802,14859.776,31116.73
2025-06-02 02:30:00,14246.964,13132.513333333334,28234.53
2025-06-02 02:45:00,11525.774,12866.897333333332,26578.34
2025-06-02 03:00:00,12827.954,13166.091999999999,18910.61
2025-06-02 03:15:00,15144.548,15636.104000000001,15285.55
2025-06-02 03:30:00,18935.81,18325.716333333334,14385.23
2025-06-02 03:45:00,20896.791,20650.518,13964.88
2025-06-02 04:00:00,22118.953,21711.565666666665,14029.0
2025-06-02 04:15:00,22118.953,21703.387333333336,15009.5
2025-06-02 04:30:00,20872.256,21078.647666666668,14923.06
2025-06-02 04:45:00,20244.734,21912.004333333334,14862.7
2025-06-02 05:00:00,24619.023,22349.694333333333,14984.02
2025-06-02 05:15:00,22185.326,21507.58366666667,17639.67
2025-06-02 05:30:00,17718.402,18982.671666666665,17547.56
2025-06-02 05:45:00,17044.287,17642.488,17544.76
2025-06-02 06:00:00,18164.775,16863.760333333335,16343.03
2025-06-02 06:15:00,15382.219,15808.922,18982.9
2025-06-02 06:30:00,13879.772,13937.572666666667,17638.65
2025-06-02 06:45:00,12550.727,14072.354666666668,13025.12
2025-06-02 07:00:00,15786.565,13771.446666666665,10037.15
2025-06-02 07:15:00,12977.048,14285.710666666666,7697.72
2025-06-02 07:30:00,14093.519,13354.834666666668,8139.98
2025-06-02 07:45:00,12993.937,12340.241666666667,11042.45
2025-06-02 08:00:00,9933.269,12376.829333333333,9570.97
2025-06-02 08:15:00,14203.282,11170.244333333334,9450.28
2025-06-02 08:30:00,9374.182,10863.445,9840.42
2025-06-02 08:45:00,9012.871,8184.861100000001,7232.09
2025-06-02 09:00:00,6167.5303,6933.366666666666,11701.62
2025-06-02 09:15:00,5619.6987,5716.5135,11928.42
2025-06-02 09:30:00,5362.3115,5564.9873,11009.87
2025-06-02 09:45:00,5712.9517,4726.452733333333,8009.96
2025-06-02 10:00:00,3104.095,3973.7138999999993,8146.16
2025-06-02 10:15:00,3104.095,3802.082,7461.04
2025-06-02 10:30:00,5198.056,4366.567433333334,9428.21
2025-06-02 10:45:00,4797.5513,4986.747433333333,9676.46
2025-06-02 11:00:00,4964.635,4490.6723,11077.67
2025-06-02 11:15:00,3709.8306,4042.7971999999995,8958.21
2025-06-02 11:30:00,3453.926,3214.343333333333,7325.93
2025-06-02 11:45:00,2479.2734,2912.3034666666667,6172.54
2025-06-02 12:00:00,2803.711,3300.4096414792853,9308.88
2025-06-02 12:15:00,2231.565,3916.9452876593627,9557.5
2025-06-02 12:30:00,2057.91,4535.090387402485,9105.94
2025-06-02 12:45:00,2424.8384,4112.787941581466,8948.36
2025-06-02 13:00:00,1461.1456,3678.207387948863,7686.75
2025-06-02 13:15:00,1574.6188,2788.949754872408,5811.86
2025-06-02 13:30:00,1990.3734,2543.567592547475,5358.92
2025-06-02 13:45:00,2615.1907,2492.037033333334,5605.85
2025-06-02 14:00:00,2870.547,2910.447166666667,4031.12
2025-06-02 14:15:00,3245.6038,3279.9285333333337,4441.43
2025-06-02 14:30:00,3723.6348,3381.347933333333,2880.51
2025-06-02 14:45:00,3174.8052,2763.7755333333334,2839.44
2025-06-02 15:00:00,1392.8866,1991.055266666667,3181.47
2025-06-02 15:15:00,1405.474,1378.3250333333335,1314.22
2025-06-02 15:30:00,1336.6145,1347.1117666666669,1452.06
2025-06-02 15:45:00,1299.2468,1197.8964964936258,1051.3
2025-06-02 16:00:00,2144.5916,1579.3886631602927,427.79
2025-06-02 16:15:00,2481.091,1831.1957298269597,1648.08
2025-06-02 16:30:00,2054.668,1894.5154000000005,1483.56
2025-06-02 16:45:00,1147.7872,1417.6691804617333,507.74
2025-06-02 17:00:00,3322.1382,1308.249765405522,182.86
2025-06-02 17:15:00,5459.387,1746.0707840055168,312.19
2025-06-02 17:30:00,7783.1567,3024.272999918527,701.84
2025-06-02 17:45:00,12605.391,3920.6788940114566,1893.22
2025-06-02 18:00:00,13963.44,4146.46001658435,1268.46
2025-06-02 18:15:00,9925.1045,3431.099985304771,0.0
2025-06-02 18:30:00,8661.728,2815.573548610924,0.0
2025-06-02 18:45:00,8124.0435,2809.793063162019,0.0
2025-06-02 19:00:00,9870.266,3018.656653790395,0.0
2025-06-02 19:15:00,10643.182,3554.036955144616,0.0
2025-06-02 19:30:00,13203.107,3870.82180907592,0.0
2025-06-02 19:45:00,12875.551,4385.793982617851,0.0
2025-06-02 20:00:00,15528.637,4627.6986313784955,0.0
2025-06-02 20:15:00,15498.016,4946.185423146503,0.0
2025-06-02 20:30:00,15896.982,4908.922197291631,417.05
2025-06-02 20:45:00,15175.127,4994.034162650276,294.92
2025-06-02 21:00:00,16305.459,5325.591807489568,867.78
2025-06-02 21:15:00,19042.414,6653.026136662243,1462.41
2025-06-02 21:30:00,21983.854,8236.449536157392,3507.47
2025-06-02 21:45:00,22871.514,9513.464739784113,4290.88
2025-06-02 22:00:00,21994.559,9766.659744600302,4413.7
2025-06-02 22:15:00,22690.646,9550.138325373402,4011.55
2025-06-02 22:30:00,20231.047,8522.720679970269,4235.62
2025-06-02 22:45:00,20231.047,7995.474389673178,2265.83
2025-06-02 23:00:00,25168.396,7562.807998690921,1658.66
2025-06-02 23:15:00,25168.396,7849.515229798545,2048.99
2025-06-02 23:30:00,23867.293,8942.22100803577,2439.61
2025-06-02 23:45:00,23867.293,9251.760031378215,5290.57
2025-06-03 00:00:00,24133.078,9547.92454645375,3273.05
2025-06-03 00:15:00,23000.533,9544.745207369022,3155.4
2025-06-03 00:30:00,22135.668,10054.757870820073,5694.76
2025-06-03 00:45:00,18775.285,12900.025553484069,5780.28
2025-06-03 01:00:00,17054.951,14529.584233895866,8328.88
2025-06-03 01:15:00,16116.201,15914.019,8460.19
2025-06-03 01:30:00,14570.905,15929.833666666667,8385.86
2025-06-03 01:45:00,17102.395,15707.643333333333,10872.76
2025-06-03 02:00:00,15449.63,16196.157666666666,10733.66
2025-06-03 02:15:00,16036.448,15666.792666666666,10862.09
2025-06-03 02:30:00,15514.3,15614.399,9957.88
2025-06-03 02:45:00,15292.449,14899.44,11100.66
2025-06-03 03:00:00,13891.571,14235.104666666666,10599.74
2025-06-03 03:15:00,13521.294,13644.719666666666,9104.39
2025-06-03 03:30:00,13521.294,13749.392333333331,10599.23
2025-06-03 03:45:00,14205.589,14020.552666666665,10816.92
2025-06-03 04:00:00,14334.775,14002.078333333333,9590.09
2025-06-03 04:15:00,13465.871,13271.681333333332,9092.66
2025-06-03 04:30:00,12014.398,12036.351666666667,7378.5
2025-06-03 04:45:00,10628.786,9195.080666666667,3813.53
2025-06-03 05:00:00,4942.058,5904.302464733085,2263.64
2025-06-03 05:15:00,4312.3584,2817.2417056059608,1064.02
2025-06-03 05:30:00,4324.7427,1579.1582328648558,364.1
2025-06-03 05:45:00,3116.4316,1059.8088329959921,483.73
2025-06-03 06:00:00,1071.9185,603.9409254564497,318.19
2025-06-03 06:15:00,929.5108,194.671731530888,0.0
2025-06-03 06:30:00,148.48338,729.4071703612461,0.0
2025-06-03 06:45:00,6919.764,729.4071703612461,0.0
2025-06-03 07:00:00,1376.0485,729.4071703612461,0.0
2025-06-03 07:15:00,949.52765,0.0,0.0
2025-06-03 07:30:00,1566.9769,332.1298114282327,0.0
2025-06-03 07:45:00,1807.1133,600.644444761566,549.38
2025-06-03 08:00:00,805.5439,1019.0794114282327,2384.25
2025-06-03 08:15:00,1255.3049,1145.1209999999999,1428.22
2025-06-03 08:30:00,1374.5142,1548.368966666667,1807.62
2025-06-03 08:45:00,2015.2878,2086.3153333333335,1673.96
2025-06-03 09:00:00,2869.144,2313.6178,1968.59
2025-06-03 09:15:00,2056.4216,2640.2618666666667,6014.03
2025-06-03 09:30:00,2995.22,2844.9124333333334,7759.96
2025-06-03 09:45:00,3483.0957,2937.934566666667,2575.62
2025-06-03 10:00:00,2335.488,2958.6909,4288.21
2025-06-03 10:15:00,3057.489,3011.6782999999996,6703.11
2025-06-03 10:30:00,3642.0579,3935.4155333333333,6649.58
2025-06-03 10:45:00,5106.6997,4382.374766666667,6611.32
2025-06-03 11:00:00,4398.3667,4898.904933333334,6739.39
2025-06-03 11:15:00,5191.6484,4532.507966666667,11090.53
2025-06-03 11:30:00,4007.5088,3884.7954000000004,9011.39
2025-06-03 11:45:00,2455.229,3080.9468666666667,7494.72
2025-06-03 12:00:00,2780.1028,3125.7898,6880.95
2025-06-03 12:15:00,4142.0376,3300.606133333333,6234.44
2025-06-03 12:30:00,2979.678,3099.8186,3931.23
2025-06-03 12:45:00,2177.7402,2477.826333333333,2898.1
2025-06-03 13:00:00,2276.0608,2486.0826666666667,3044.48
2025-06-03 13:15:00,3004.447,2184.561085124255,1775.38
2025-06-03 13:30:00,4026.1343,2185.010440223411,269.11
2025-06-03 13:45:00,5028.2515,1743.850609765738,1031.49
2025-06-03 14:00:00,5315.686,1881.6343467289662,375.18
2025-06-03 14:15:00,5333.2656,1713.759442525182,0.0
2025-06-03 14:30:00,5609.198,1622.5045736159263,0.0
2025-06-03 14:45:00,4449.9663,1456.6535880200754,0.0
2025-06-03 15:00:00,3759.865,1287.0071735309375,0.0
2025-06-03 15:15:00,3999.7908,1202.1811096955487,0.0
2025-06-03 15:30:00,3645.2356,1209.1495996158255,0.0
2025-06-03 15:45:00,3825.9739,1142.215829272776,0.0
2025-06-03 16:00:00,3364.8013,1112.4170544254773,0.0
2025-06-03 16:15:00,3362.5396,983.1568468809879,0.0
2025-06-03 16:30:00,2599.7039,865.8420799522315,0.0
2025-06-03 16:45:00,2251.8557,511.3992846685143,0.0
2025-06-03 17:00:00,-461.8497,454.67553912499926,0.0
2025-06-03 17:15:00,2061.5752,878.438907602257,0.0
2025-06-03 17:30:00,6272.028,2605.162887423789,0.0
2025-06-03 17:45:00,16381.142,4833.265758364656,0.0
2025-06-03 18:00:00,23199.215,7233.531795175132,0.0
2025-06-03 18:15:00,29042.951,8621.229041142566,0.0
2025-06-03 18:30:00,29545.994,8973.983327728713,0.0
2025-06-03 18:45:00,26545.736,8466.705186552483,0.0
2025-06-03 19:00:00,24230.488,7644.184645078322,0.0
2025-06-03 19:15:00,21742.879,6860.791281321192,0.0
2025-06-03 19:30:00,19113.814,6100.30482447879,0.0
2025-06-03 19:45:00,17015.88,5854.140587709898,0.0
2025-06-03 20:00:00,19407.56,5748.77729080628,0.0
2025-06-03 20:15:00,18114.25,5623.996554976675,0.0
2025-06-03 20:30:00,15832.106,5163.346724945904,0.0
2025-06-03 20:45:00,15037.452,5192.153493291207,730.79
2025-06-03 21:00:00,18387.535,5234.885562131573,531.57
2025-06-03 21:15:00,16237.498,5469.606780959381,560.63
2025-06-03 21:30:00,17264.213,5208.394529716811,796.7
2025-06-03 21:45:00,15909.458,5701.791396589927,864.67
2025-06-03 22:00:00,17479.541,6571.206586211531,2503.35
2025-06-03 22:15:00,16530.02,7683.101748904231,3937.52
2025-06-03 22:30:00,17639.629,8380.543961900143,3968.43
2025-06-03 22:45:00,18319.97,8356.84289696564,4138.46
2025-06-03 23:00:00,15463.036,8327.192313190391,4135.35
2025-06-03 23:15:00,16700.646,8036.634935430589,4102.9
2025-06-03 23:30:00,15573.662,8201.71402797225,3942.33
2025-06-03 23:45:00,17588.281,8189.44621015352,4099.93
2025-06-04 00:00:00,16172.066,8513.323024104131,4199.41
2025-06-04 00:15:00,18517.271,11830.481970532413,4188.91
2025-06-04 00:30:00,18443.28,14821.350755474128,6690.91
2025-06-04 00:45:00,17213.549,17493.71133333333,6746.74
2025-06-04 01:00:00,16824.305,17081.39533333333,6741.67
2025-06-04 01:15:00,17206.332,17262.21633333333,6767.27
2025-06-04 01:30:00,17756.012,18365.141999999996,9221.84
2025-06-04 01:45:00,20133.082,18921.767666666667,9177.78
2025-06-04 02:00:00,18876.209,19746.963,7951.25
2025-06-04 02:15:00,20231.598,16680.30555891602,7214.22
2025-06-04 02:30:00,21156.076,14355.748317062806,5650.05
2025-06-04 02:45:00,21156.076,14259.631650396137,6696.44
2025-06-04 03:00:00,19943.248,17167.46109148012,7170.86
2025-06-04 03:15:00,19656.598,19963.274999999998,6931.55
2025-06-04 03:30:00,20289.979,17237.982441127202,6874.33
2025-06-04 03:45:00,20561.896,17433.96477446053,6734.35
2025-06-04 04:00:00,20244.545,17421.079774460533,6840.02
2025-06-04 04:15:00,20251.324,19709.421666666665,6851.92
2025-06-04 04:30:00,18632.396,18891.38,6882.9
2025-06-04 04:45:00,17790.42,16254.912666666665,6825.8
2025-06-04 05:00:00,12341.922,13661.888999999997,6947.55
2025-06-04 05:15:00,10853.325,10857.894666666665,6677.65
2025-06-04 05:30:00,9378.437,9327.669533333332,6541.35
2025-06-04 05:45:00,7751.2466,7932.508866666666,4869.78
2025-06-04 06:00:00,6667.843,6680.670666666665,3216.88
2025-06-04 06:15:00,5622.9224,5022.90371929976,2964.42
2025-06-04 06:30:00,6318.197,3377.477158877808,1221.39
2025-06-04 06:45:00,5475.684,1922.3411910845473,0.0
2025-06-04 07:00:00,3976.61,1428.1941747938893,0.0
2025-06-04 07:15:00,4096.7456,1264.607696230485,0.0
2025-06-04 07:30:00,3923.7664,1369.0308901494373,0.0
2025-06-04 07:45:00,4967.2554,1400.8270649761537,0.0
2025-06-04 08:00:00,4398.3906,1300.6820427171642,0.0
2025-06-04 08:15:00,2973.7073,1052.9660973822788,0.0
2025-06-04 08:30:00,2617.2156,866.2002289790958,0.0
2025-06-04 08:45:00,2626.574,776.0836113726922,0.0
2025-06-04 09:00:00,2118.786,723.5445183978035,0.0
2025-06-04 09:15:00,2118.786,446.67930896516674,0.0
2025-06-04 09:30:00,1907.0002,444.9040379095248,0.0
2025-06-04 09:45:00,2101.9443,500.6721722756559,0.0
2025-06-04 10:00:00,1704.2476,761.7097941363564,411.39
2025-06-04 10:15:00,2108.022,809.1519812157477,290.92
2025-06-04 10:30:00,2097.793,739.1979236356183,310.46
2025-06-04 10:45:00,1455.9652,899.0363526345586,270.41
2025-06-04 11:00:00,3992.7808,1199.0753646839069,0.0
2025-06-04 11:15:00,5398.4404,1896.5048965204815,320.37
2025-06-04 11:30:00,8600.604,2436.3764438034073,0.0
2025-06-04 11:45:00,9114.452,2864.2119088464406,0.0
2025-06-04 12:00:00,9457.244,3071.1318582156214,178.08
2025-06-04 12:15:00,10563.619,3209.28470676827,331.02
2025-06-04 12:30:00,10425.085,3308.1527907671575,0.0
2025-06-04 12:45:00,10395.189,3184.169370544936,0.0
2025-06-04 13:00:00,9387.409,3048.9538563015626,0.0
2025-06-04 13:15:00,9142.318,3043.455498724572,0.0
2025-06-04 13:30:00,10343.027,3096.8910341705655,0.0
2025-06-04 13:45:00,9894.343,3110.520556295147,0.0
2025-06-04 14:00:00,9271.619,2973.2740165199025,0.0
2025-06-04 14:15:00,9040.992,2930.7033292494602,0.0
2025-06-04 14:30:00,9490.482,3021.1076825001624,0.0
2025-06-04 14:45:00,10129.27,2901.9565914750724,0.0
2025-06-04 15:00:00,7910.6255,3265.4960916548457,0.0
2025-06-04 15:15:00,7910.6255,5394.609950494387,2116.47
2025-06-04 15:30:00,9590.498,5960.052715852614,3398.81
2025-06-04 15:45:00,8908.996,6098.654592805856,1978.03
2025-06-04 16:00:00,9496.866,3845.06115362904,2139.47
2025-06-04 16:15:00,8495.2705,3883.9934708432193,942.56
2025-06-04 16:30:00,9481.72,4089.963184132764,1963.41
2025-06-04 16:45:00,11456.877,4434.4648200610145,2293.0
2025-06-04 17:00:00,11710.533,4230.635157420484,1274.45
2025-06-04 17:15:00,11710.533,3865.130888632599,1123.79
2025-06-04 17:30:00,12044.605,4055.0318517427245,1347.71
2025-06-04 17:45:00,10741.973,6496.162621923904,1829.35
2025-06-04 18:00:00,11026.588,9279.75715986156,4222.11
2025-06-04 18:15:00,12379.758,11575.873333333331,4147.37
2025-06-04 18:30:00,11321.274,11780.601999999999,4171.78
2025-06-04 18:45:00,11640.774,11866.163666666665,6769.84
2025-06-04 19:00:00,12636.443,13157.632666666666,9282.89
2025-06-04 19:15:00,15195.681,15532.531,9361.9
2025-06-04 19:30:00,18765.469,17563.411333333333,9409.95
2025-06-04 19:45:00,18729.084,19792.584666666666,11878.67
2025-06-04 20:00:00,21883.201,21528.609333333334,11945.9
2025-06-04 20:15:00,23973.543,24253.521333333338,14516.28
2025-06-04 20:30:00,26903.82,25927.061,17320.41
2025-06-04 20:45:00,26903.82,27475.039666666667,17284.38
2025-06-04 21:00:00,28617.479,27487.675333333333,17204.64
2025-06-04 21:15:00,26941.727,27002.302333333337,20269.83
2025-06-04 21:30:00,25447.701,24999.989666666665,20240.38
2025-06-04 21:45:00,22610.541,23363.50766666667,23236.05
2025-06-04 22:00:00,22032.281,22225.034333333333,21456.39
2025-06-04 22:15:00,22032.281,21558.983,20052.75
2025-06-04 22:30:00,20612.387,21085.684999999998,18468.22
2025-06-04 22:45:00,20612.387,20728.884666666665,15328.38
2025-06-04 23:00:00,20961.88,20845.38233333333,12057.06
2025-06-04 23:15:00,20961.88,21392.54233333333,11827.76
2025-06-04 23:30:00,22253.867,21823.20466666667,20532.97
2025-06-04 23:45:00,22253.867,24634.42166666666,19088.77
2025-06-05 00:00:00,29395.531,27014.97633333333,17725.09
2025-06-05 00:15:00,29395.531,29395.531,18094.74
2025-06-05 00:30:00,29395.531,29453.089666666667,17803.79
2025-06-05 00:45:00,29568.207,29527.774666666664,19646.07
2025-06-05 01:00:00,29619.586,29809.512333333332,21449.24
2025-06-05 01:15:00,30240.744,31237.8,21402.73
2025-06-05 01:30:00,33853.07,33242.00466666667,19606.3
2025-06-05 01:45:00,35632.2,35464.761999999995,20169.51
2025-06-05 02:00:00,36909.016,36483.41066666667,21258.25
2025-06-05 02:15:00,36909.016,36911.999,23405.29
2025-06-05 02:30:00,36917.965,36914.981999999996,23698.19
2025-06-05 02:45:00,36917.965,36246.939,23767.72
2025-06-05 03:00:00,34904.887,35575.913,23826.94
2025-06-05 03:15:00,34904.887,34350.969000000005,23773.32
2025-06-05 03:30:00,33243.133,34263.85333333333,26760.51
2025-06-05 03:45:00,34643.54,34137.185333333335,26804.95
2025-06-05 04:00:00,34524.883,34357.585,25878.85
2025-06-05 04:15:00,33904.332,34111.18233333333,27641.01
2025-06-05 04:30:00,33904.332,34311.05133333333,26813.63
2025-06-05 04:45:00,35124.49,34589.687333333335,26681.05
2025-06-05 05:00:00,34740.24,34508.94,26099.62
2025-06-05 05:15:00,33662.09,34137.744,24365.58
2025-06-05 05:30:00,34010.902,33886.699,24547.21
2025-06-05 05:45:00,33987.105,33776.725000000006,26025.76
2025-06-05 06:00:00,33332.168,32819.923,27244.34
2025-06-05 06:15:00,31140.496,31485.121333333333,26537.3
2025-06-05 06:30:00,29982.7,29544.465666666667,26451.65
2025-06-05 06:45:00,27510.201,27522.837333333333,26528.48
2025-06-05 07:00:00,25075.611,25037.133333333335,26633.8
2025-06-05 07:15:00,22525.588,22990.331333333335,26540.5
2025-06-05 07:30:00,21369.795,21268.275999999998,22598.78
2025-06-05 07:45:00,19909.445,19909.069666666666,20145.03
2025-06-05 08:00:00,18447.969,18737.377000000004,17074.47
2025-06-05 08:15:00,17854.717,17874.410333333333,16651.43
2025-06-05 08:30:00,17320.545,17498.602333333332,20307.28
2025-06-05 08:45:00,17320.545,15606.247333333331,16986.24
2025-06-05 09:00:00,12177.652,13768.841,16935.08
2025-06-05 09:15:00,11808.326,12484.929666666665,16595.84
2025-06-05 09:30:00,13468.811,13262.400999999998,13325.73
2025-06-05 09:45:00,14510.066,14135.384666666667,13493.68
2025-06-05 10:00:00,14427.277,14346.092666666666,13252.88
2025-06-05 10:15:00,14100.935,14639.869333333334,13562.91
2025-06-05 10:30:00,15391.396,14126.195,15865.76
2025-06-05 10:45:00,12886.254,14295.603333333333,15752.74
2025-06-05 11:00:00,14609.16,14009.412000000002,18405.6
2025-06-05 11:15:00,14532.822,14938.773000000001,18555.93
2025-06-05 11:30:00,15674.337,15247.700333333332,18568.14
2025-06-05 11:45:00,15535.942,15805.236666666666,18397.13
2025-06-05 12:00:00,16205.431,16392.977333333332,18440.08
2025-06-05 12:15:00,17437.559,17026.84966666667,18487.74
2025-06-05 12:30:00,17437.559,16468.584666666666,18654.38
2025-06-05 12:45:00,14530.636,14159.695,17560.99
2025-06-05 13:00:00,10510.89,13391.646333333332,21387.32
2025-06-05 13:15:00,15133.413,12948.654333333334,19837.25
2025-06-05 13:30:00,13201.66,14020.190333333334,18668.44
2025-06-05 13:45:00,13725.498,13771.990333333335,18829.31
2025-06-05 14:00:00,14388.813,14065.609666666665,21813.16
2025-06-05 14:15:00,14082.518,15289.396999999999,19210.48
2025-06-05 14:30:00,17396.86,19120.238,18733.86
2025-06-05 14:45:00,25881.336,24389.917666666664,18912.02
2025-06-05 15:00:00,29891.557,26914.319666666666,18811.89
2025-06-05 15:15:00,24970.066,26610.563,30891.15
2025-06-05 15:30:00,24970.066,25439.874,32102.9
2025-06-05 15:45:00,26379.49,27015.244666666666,32075.37
2025-06-05 16:00:00,29696.178,28111.049,28792.69
2025-06-05 16:15:00,28257.479,27256.381666666664,26033.21
2025-06-05 16:30:00,23815.488,24468.338666666667,29177.78
2025-06-05 16:45:00,21332.049,23481.966,27252.34
2025-06-05 17:00:00,25298.361,22158.770666666667,28002.42
2025-06-05 17:15:00,19845.902,26200.21933333333,28471.93
2025-06-05 17:30:00,33456.395,30110.649666666664,28813.22
2025-06-05 17:45:00,37029.652,36592.52333333333,30146.69
2025-06-05 18:00:00,39291.523,38493.79833333333,29214.62
2025-06-05 18:15:00,39160.22,37898.12533333334,28168.66
2025-06-05 18:30:00,35242.633,36298.66766666667,24925.29
2025-06-05 18:45:00,34493.15,36319.06166666667,29503.32
2025-06-05 19:00:00,39221.402,37179.835,29900.51
2025-06-05 19:15:00,37824.953,37556.233,27336.22
2025-06-05 19:30:00,35622.344,36175.64466666667,27342.82
2025-06-05 19:45:00,35079.637,35384.60566666667,30643.15
2025-06-05 20:00:00,35451.836,35327.76966666667,30359.2
2025-06-05 20:15:00,35451.836,35798.064000000006,32636.08
2025-06-05 20:30:00,36490.52,36674.064,33695.04
2025-06-05 20:45:00,38079.836,37648.44933333333,33677.53
2025-06-05 21:00:00,38374.992,38451.68366666667,33884.9
2025-06-05 21:15:00,38900.223,39000.128333333334,35575.6
2025-06-05 21:30:00,39725.17,38382.001,32442.18
2025-06-05 21:45:00,36520.61,38412.65,37387.7
2025-06-05 22:00:00,38992.17,38168.316666666666,34953.99
2025-06-05 22:15:00,38992.17,38967.88166666666,35981.46
2025-06-05 22:30:00,38919.305,39402.378333333334,35082.77
2025-06-05 22:45:00,40295.66,39696.350333333336,35081.51
2025-06-05 23:00:00,39874.086,40251.151000000005,35422.23
2025-06-05 23:15:00,40583.707,39679.242333333335,30017.15
2025-06-05 23:30:00,38579.934,39281.443666666666,27432.91
2025-06-05 23:45:00,38680.69,36053.926,30358.8
2025-06-06 00:00:00,30901.154,33020.08866666667,32408.0
2025-06-06 00:15:00,29478.422,29952.665999999997,32988.49
2025-06-06 00:30:00,29478.422,29271.011333333332,32333.34
2025-06-06 00:45:00,28856.19,29048.424,35228.94
2025-06-06 01:00:00,28810.66,29796.422000000002,34891.67
2025-06-06 01:15:00,31722.416,31268.793666666665,34034.16
2025-06-06 01:30:00,33273.305,32462.463,35710.08
2025-06-06 01:45:00,32391.668,31956.985,37414.0
2025-06-06 02:00:00,30205.982,30755.11,37719.37
2025-06-06 02:15:00,29667.68,30888.90166666666,34014.66
2025-06-06 02:30:00,32793.043,31434.892666666667,32702.69
2025-06-06 02:45:00,31843.955,31224.563,31000.1
2025-06-06 03:00:00,29036.691,29974.514,31721.44
2025-06-06 03:15:00,29042.896,29764.793333333335,28749.26
2025-06-06 03:30:00,31214.793,30436.718666666668,30582.52
2025-06-06 03:45:00,31052.467,30519.508,25475.17
2025-06-06 04:00:00,29291.264,28870.772999999997,25828.66
2025-06-06 04:15:00,26268.588,26503.786000000004,27257.7
2025-06-06 04:30:00,23951.506,24595.731333333333,26149.78
2025-06-06 04:45:00,23567.1,24060.892666666667,24829.11
2025-06-06 05:00:00,24664.072,22680.099,23485.86
2025-06-06 05:15:00,19809.125,20413.359,22875.52
2025-06-06 05:30:00,16766.88,18514.113666666668,18119.01
2025-06-06 05:45:00,18966.336,16119.288333333332,17490.71
2025-06-06 06:00:00,12624.649,14098.601,16357.51
2025-06-06 06:15:00,10704.818,11666.854,14791.49
2025-06-06 06:30:00,11671.095,10791.27,13240.76
2025-06-06 06:45:00,9997.897,9156.972,12402.7
2025-06-06 07:00:00,5801.924,6513.466033333334,12784.31
2025-06-06 07:15:00,3740.5771,4843.1870124164425,11730.09
2025-06-06 07:30:00,2628.3533,4015.7235036493926,9462.49
2025-06-06 07:45:00,1611.7231,3537.8261318124864,6836.97
2025-06-06 08:00:00,1133.7423,2525.6053239472044,4693.94
2025-06-06 08:15:00,763.38116,1915.059958945206,4983.16
2025-06-06 08:30:00,742.9961,1478.2213841154455,2979.61
2025-06-06 08:45:00,996.36926,979.4383103764964,1431.41
2025-06-06 09:00:00,219.10222,723.2790174788776,940.93
2025-06-06 09:15:00,719.4195,615.5294874788776,1273.02
2025-06-06 09:30:00,673.12067,464.18005666666664,1298.88
2025-06-06 09:45:00,-501.45798,224.37355666666667,205.65
2025-06-06 10:00:00,-352.3798,0.0,370.97
2025-06-06 10:15:00,-352.3798,0.0,0.0
2025-06-06 10:30:00,-94.997185,0.0,0.0
2025-06-06 10:45:00,-94.997185,0.0,0.0
2025-06-06 11:00:00,-375.75558,0.0,0.0
2025-06-06 11:15:00,-804.80206,0.0,0.0
2025-06-06 11:30:00,259.14325,0.0,0.0
2025-06-06 11:45:00,457.2257,0.0,0.0
2025-06-06 12:00:00,227.5594,0.0,0.0
2025-06-06 12:15:00,448.96463,0.0,0.0
2025-06-06 12:30:00,148.37997,221.19479941146793,0.0
2025-06-06 12:45:00,1158.4958,371.8844680852401,380.1
2025-06-06 13:00:00,1010.41425,756.0524347519067,202.26
2025-06-06 13:15:00,1152.5039,675.7843020071055,529.02
2025-06-06 13:30:00,422.78,782.2872666666666,380.32
2025-06-06 13:45:00,771.5779,657.5144833333334,668.97
2025-06-06 14:00:00,778.18555,1097.57005,1940.28
2025-06-06 14:15:00,1742.9467,1776.4356833333331,2273.96
2025-06-06 14:30:00,2808.1748,2356.846233333333,2326.68
2025-06-06 14:45:00,2519.4172,3084.230633333333,2301.32
2025-06-06 15:00:00,3925.0999,3324.4576,2198.19
2025-06-06 15:15:00,3528.8557,3870.4708666666666,2203.58
2025-06-06 15:30:00,4157.457,4064.3542333333335,3917.52
2025-06-06 15:45:00,4506.75,4650.932666666667,3919.38
2025-06-06 16:00:00,5288.591,5182.7849,4067.76
2025-06-06 16:15:00,5753.0137,5915.571033333334,4038.51
2025-06-06 16:30:00,6705.1084,6235.509366666666,4026.19
2025-06-06 16:45:00,6248.406,6268.238700000001,4061.43
2025-06-06 17:00:00,5851.2017,6047.877033333333,3962.17
2025-06-06 17:15:00,6044.0234,5422.786800000001,4078.72
2025-06-06 17:30:00,4373.1353,4825.243566666667,4003.96
2025-06-06 17:45:00,4058.572,4401.998633333334,4000.5
2025-06-06 18:00:00,4774.2886,4463.044199999999,6570.42
2025-06-06 18:15:00,4556.272,4595.391766666667,6552.96
2025-06-06 18:30:00,4455.6147,4146.726133333333,6539.18
2025-06-06 18:45:00,3428.2917,5038.454966666667,8241.63
2025-06-06 19:00:00,7231.4585,5946.915733333334,8870.87
2025-06-06 19:15:00,7180.997,7234.616366666666,7941.63
2025-06-06 19:30:00,7291.3936,6768.635200000001,7730.78
2025-06-06 19:45:00,5833.515,7387.720200000001,7369.97
2025-06-06 20:00:00,9038.252,8637.783333333335,9670.85
2025-06-06 20:15:00,11041.583,10444.107333333333,8832.71
2025-06-06 20:30:00,11252.487,11573.17,6623.06
2025-06-06 20:45:00,12425.44,14208.641000000001,8329.51
2025-06-06 21:00:00,18947.996,16773.810666666668,8885.2
2025-06-06 21:15:00,18947.996,18916.584666666666,7875.27
2025-06-06 21:30:00,18853.762,18327.26833333333,7661.96
2025-06-06 21:45:00,17180.047,18392.004,7533.86
2025-06-06 22:00:00,19142.203,19442.03,7522.82
2025-06-06 22:15:00,22003.84,19866.344333333338,7901.1
2025-06-06 22:30:00,18452.99,19426.126333333334,6409.02
2025-06-06 22:45:00,17821.549,17316.368,6068.57
2025-06-06 23:00:00,15674.565,16230.890333333335,7104.07
2025-06-06 23:15:00,15196.557,15894.288,11573.84
2025-06-06 23:30:00,16811.742,16385.133666666665,9076.02
2025-06-06 23:45:00,17147.102,17271.76166666666,9012.18
2025-06-07 00:00:00,17856.441,17503.318333333333,9087.73
2025-06-07 00:15:00,17506.412,17536.408,9310.05
2025-06-07 00:30:00,17246.371,16626.978333333333,9670.45
2025-06-07 00:45:00,15128.152,16856.576,10271.65
2025-06-07 01:00:00,18195.205,15763.775333333333,9291.9
2025-06-07 01:15:00,13967.969,15217.822999999999,11824.56
2025-06-07 01:30:00,13490.295,14301.814999999997,9415.1
2025-06-07 01:45:00,15447.181,15505.618333333332,9131.22
2025-06-07 02:00:00,17579.379,13496.80712355269,7423.53
2025-06-07 02:15:00,17780.297,10216.4264682984,3133.2
2025-06-07 02:30:00,17727.852,6167.163181986416,1045.38
2025-06-07 02:45:00,17176.193,4650.769238866763,224.01
2025-06-07 03:00:00,9217.026,3694.155787466994,858.05
2025-06-07 03:15:00,7398.592,4365.702073778978,1011.92
2025-06-07 03:30:00,7446.228,5515.6420600126075,6964.84
2025-06-07 03:45:00,6364.4995,5100.577309978802,2697.55
2025-06-07 04:00:00,4714.97,2911.9255755604004,320.36
2025-06-07 04:15:00,2783.667,1083.5551675805561,0.0
2025-06-07 04:30:00,2780.8699,874.4239217710236,0.0
2025-06-07 04:45:00,2730.9768,580.9996561894259,0.0
2025-06-07 05:00:00,1033.0873,452.48494750260335,0.0
2025-06-07 05:15:00,493.84415,871.3621166666659,614.9
2025-06-07 05:30:00,2120.2422,2050.4344499999993,1864.34
2025-06-07 05:45:00,3537.217,3280.561599999999,2248.33
2025-06-07 06:00:00,4184.2256,5107.757733333332,2231.28
2025-06-07 06:15:00,7601.8306,7421.942066666666,2680.58
2025-06-07 06:30:00,10479.77,11460.117866666667,4196.59
2025-06-07 06:45:00,16298.753,16161.865666666665,9846.86
2025-06-07 07:00:00,21707.074,18945.38033333333,12312.33
2025-06-07 07:15:00,18830.314,19414.513333333332,23093.89
2025-06-07 07:30:00,17706.152,17797.64433333333,21530.79
2025-06-07 07:45:00,16856.467,16815.988666666664,23939.79
2025-06-07 08:00:00,15885.347,15914.674999999997,22985.22
2025-06-07 08:15:00,15002.211,14530.193666666664,17843.65
2025-06-07 08:30:00,12703.023,14070.750666666665,18985.37
2025-06-07 08:45:00,14507.018,12860.235666666666,25486.75
2025-06-07 09:00:00,11370.666,13555.454666666665,24318.4
2025-06-07 09:15:00,14788.68,14233.253333333332,19741.51
2025-06-07 09:30:00,16540.414,16730.911333333333,21966.25
2025-06-07 09:45:00,18863.64,18641.577999999998,21448.9
2025-06-07 10:00:00,20520.68,20160.8,18613.6
2025-06-07 10:15:00,21098.08,21295.834666666666,18498.84
2025-06-07 10:30:00,22268.744,23387.289,18596.19
2025-06-07 10:45:00,26795.043,24839.27333333333,18775.03
2025-06-07 11:00:00,25454.033,26571.810999999998,19000.16
2025-06-07 11:15:00,27466.357,25636.66333333333,18850.4
2025-06-07 11:30:00,23989.6,25114.91733333333,16886.23
2025-06-07 11:45:00,23888.795,24285.086666666666,17138.45
2025-06-07 12:00:00,24976.865,24979.058,19374.88
2025-06-07 12:15:00,26071.514,25553.677666666666,21318.91
2025-06-07 12:30:00,25612.654,26236.469999999998,21597.41
2025-06-07 12:45:00,27025.242,22653.92033333333,21100.7
2025-06-07 13:00:00,15323.865,19324.022666666664,18256.3
2025-06-07 13:15:00,15622.961,15523.262333333332,12774.4
2025-06-07 13:30:00,15622.961,15514.057999999999,26300.29
2025-06-07 13:45:00,15296.252,15493.620666666664,26487.5
2025-06-07 14:00:00,15561.649,15557.500333333332,24990.14
2025-06-07 14:15:00,15814.6,16455.413666666664,22895.7
2025-06-07 14:30:00,17989.992,18554.75133333333,21723.27
2025-06-07 14:45:00,21859.662,20458.677666666666,22545.04
2025-06-07 15:00:00,21526.379,21637.47333333333,21135.96
2025-06-07 15:15:00,21526.379,21272.138666666666,22926.26
2025-06-07 15:30:00,20763.658,20417.752333333334,25517.43
2025-06-07 15:45:00,18963.22,19389.878,25819.88
2025-06-07 16:00:00,18442.756,18750.888666666666,18469.53
2025-06-07 16:15:00,18846.69,19587.501999999997,26229.94
2025-06-07 16:30:00,21473.06,20737.541666666664,24958.42
2025-06-07 16:45:00,21892.875,20869.62833333333,26905.84
2025-06-07 17:00:00,19242.95,20072.175,30071.42
2025-06-07 17:15:00,19080.7,19280.16333333333,29183.34
2025-06-07 17:30:00,19516.84,20804.314666666665,28857.1
2025-06-07 17:45:00,23815.404,22470.565666666662,31824.48
2025-06-07 18:00:00,24079.453,24249.75,30419.32
2025-06-07 18:15:00,24854.393,24031.328666666665,30162.2
2025-06-07 18:30:00,23160.14,22491.085999999996,27697.11
2025-06-07 18:45:00,19458.725,20932.653,29169.78
2025-06-07 19:00:00,20179.094,21920.990999999995,29295.06
2025-06-07 19:15:00,26125.154,23748.551333333333,26794.58
2025-06-07 19:30:00,24941.406,25241.864999999994,24712.73
2025-06-07 19:45:00,24659.035,24800.832,24984.48
2025-06-07 20:00:00,24802.055,24754.381666666664,24995.53
2025-06-07 20:15:00,24802.055,24836.83333333333,25047.97
2025-06-07 20:30:00,24906.39,25146.713333333333,25201.99
2025-06-07 20:45:00,25731.695,23768.168999999994,25245.64
2025-06-07 21:00:00,20666.422,22354.84633333333,25066.32
2025-06-07 21:15:00,20666.422,20451.818,27070.44
2025-06-07 21:30:00,20022.61,22344.235999999994,31356.62
2025-06-07 21:45:00,26343.676,25162.351333333336,34299.93
2025-06-07 22:00:00,29120.768,28195.070666666667,34230.54
2025-06-07 22:15:00,29120.768,28217.178666666663,36898.68
2025-06-07 22:30:00,26410.0,27313.589333333333,39093.96
2025-06-07 22:45:00,26410.0,26423.15433333333,39482.17
2025-06-07 23:00:00,26449.463,25977.522666666668,38111.15
2025-06-07 23:15:00,25073.105,24277.908666666666,36742.51
2025-06-07 23:30:00,21311.158,21945.334333333332,40453.21
2025-06-07 23:45:00,19451.74,20925.729333333333,40472.3
2025-06-08 00:00:00,22014.29,21861.24033333333,38306.94
2025-06-08 00:15:00,24117.691,22538.00133333333,40240.72
2025-06-08 00:30:00,21482.023,23215.781,36830.38
2025-06-08 00:45:00,24047.629,22139.616333333328,42730.43
2025-06-08 01:00:00,20889.197,20954.514999999996,43194.63
2025-06-08 01:15:00,17926.719,19008.896333333334,42952.03
2025-06-08 01:30:00,18210.773,16835.970666666664,43036.58
2025-06-08 01:45:00,14370.42,14981.909333333331,40405.7
2025-06-08 02:00:00,12364.535,13318.193999999998,39811.87
2025-06-08 02:15:00,13219.627,15121.534089486135,41632.58
2025-06-08 02:30:00,9435.215,14757.427089486133,41468.67
2025-06-08 02:45:00,11272.214,16863.607734427973,37222.37
2025-06-08 03:00:00,10335.461,13857.107311608504,36934.98
2025-06-08 03:15:00,10760.939,14731.441311608505,35511.53
2025-06-08 03:30:00,13895.216,14948.27433333333,36279.13
2025-06-08 03:45:00,20188.668,16954.020666666664,34073.58
2025-06-08 04:00:00,16778.178,17823.316666666666,33674.58
2025-06-08 04:15:00,16503.104,17236.480666666663,35810.17
2025-06-08 04:30:00,18428.16,17468.163666666664,34719.77
2025-06-08 04:45:00,17473.227,18318.156999999996,34369.38
2025-06-08 05:00:00,19053.084,18302.25466666666,37323.33
2025-06-08 05:15:00,18380.453,18518.717999999993,37415.81
2025-06-08 05:30:00,18122.617,18165.32333333333,36097.04
2025-06-08 05:45:00,17992.9,17803.34433333333,33553.52
2025-06-08 06:00:00,17294.516,17048.541999999998,36942.37
2025-06-08 06:15:00,15858.21,15796.405666666664,36340.0
2025-06-08 06:30:00,14236.491,17345.728021362378,39566.34
2025-06-08 06:45:00,12017.211,16507.20735469571,40065.25
2025-06-08 07:00:00,13342.648,16183.52285469571,38715.71
2025-06-08 07:15:00,13265.4375,14114.244499999995,38387.99
2025-06-08 07:30:00,15734.648,14943.720833333327,42803.07
2025-06-08 07:45:00,15831.077,16526.598333333328,40177.41
2025-06-08 08:00:00,18014.07,16711.159999999993,37909.32
2025-06-08 08:15:00,16288.333,17246.412999999997,38275.23
2025-06-08 08:30:00,17436.836,18226.88433333333,38741.39
2025-06-08 08:45:00,20955.484,20179.470666666664,37633.72
2025-06-08 09:00:00,22146.092,21405.28766666666,25861.11
2025-06-08 09:15:00,21114.287,22125.012999999995,23101.06
2025-06-08 09:30:00,23114.66,21173.592999999993,22709.85
2025-06-08 09:45:00,19291.832,20160.92833333333,20189.06
2025-06-08 10:00:00,18076.293,18418.72466666666,18482.18
2025-06-08 10:15:00,17888.049,17952.31466666666,21241.05
2025-06-08 10:30:00,17892.602,18598.727999999992,19848.24
2025-06-08 10:45:00,20015.533,19868.746666666662,18407.82
2025-06-08 11:00:00,21698.105,20640.22833333333,19919.91
2025-06-08 11:15:00,20207.047,22935.534999999993,19721.13
2025-06-08 11:30:00,26901.453,25829.593666666664,20394.01
2025-06-08 11:45:00,30380.281,28465.516666666663,18213.3
2025-06-08 12:00:00,28114.816,28913.703666666657,23228.48
2025-06-08 12:15:00,28246.014,27190.176999999996,11761.94
2025-06-08 12:30:00,25209.701,25785.551666666663,14507.15
2025-06-08 12:45:00,23900.94,23292.197999999993,15479.4
2025-06-08 13:00:00,20765.953,21691.587999999992,14908.97
2025-06-08 13:15:00,20407.871,22874.109333333327,14751.48
2025-06-08 13:30:00,27448.504,24617.26166666666,14673.64
2025-06-08 13:45:00,25995.41,27076.291333333327,17308.94
2025-06-08 14:00:00,27784.96,26087.257333333328,23280.68
2025-06-08 14:15:00,24481.402,24798.123999999993,22796.08
2025-06-08 14:30:00,22128.01,22485.92433333333,26188.54
2025-06-08 14:45:00,20848.361,21740.80266666666,18401.39
2025-06-08 15:00:00,22246.037,20739.87933333333,15919.1
2025-06-08 15:15:00,19125.24,18163.305999999993,12002.47
2025-06-08 15:30:00,13118.641,13872.557999999995,9344.33
2025-06-08 15:45:00,9373.793,11792.585999999996,7960.91
2025-06-08 16:00:00,12885.324,10935.773333333329,8907.38
2025-06-08 16:15:00,10548.203,10578.958999999995,10219.09
2025-06-08 16:30:00,8303.35,9079.837999999996,11742.67
2025-06-08 16:45:00,8387.961,8318.068999999996,14195.75
2025-06-08 17:00:00,8262.896,8301.79333333333,12693.72
2025-06-08 17:15:00,8254.523,8128.161666666662,8195.7
2025-06-08 17:30:00,7867.066,7875.523999999995,7299.46
2025-06-08 17:45:00,7504.983,6944.613999999995,8012.21
2025-06-08 18:00:00,5461.793,6412.445833333329,9939.78
2025-06-08 18:15:00,6270.5615,5426.536499999996,6300.03
2025-06-08 18:30:00,4547.255,5210.3501666666625,7265.45
2025-06-08 18:45:00,4813.234,4864.876999999996,11760.43
2025-06-08 19:00:00,5234.142,5088.282999999995,11228.16
2025-06-08 19:15:00,5217.473,4829.816333333329,6944.16
2025-06-08 19:30:00,4037.834,4415.778666666662,6699.89
2025-06-08 19:45:00,3992.029,4244.969466666662,8785.57
2025-06-08 20:00:00,4705.0454,4488.439366666662,9613.49
2025-06-08 20:15:00,4768.2437,4955.081566666662,8126.41
2025-06-08 20:30:00,5391.9556,4923.696966666662,8135.6
2025-06-08 20:45:00,4610.8916,6339.186399999995,10717.75
2025-06-08 21:00:00,9014.712,7782.952866666662,10600.48
2025-06-08 21:15:00,9723.255,9313.478999999994,10447.52
2025-06-08 21:30:00,9202.47,9715.219666666662,13188.48
2025-06-08 21:45:00,10219.934,10523.629333333329,13162.78
2025-06-08 22:00:00,12148.484,11417.252666666662,13000.62
2025-06-08 22:15:00,11883.34,11823.14066666666,13218.93
2025-06-08 22:30:00,11437.598,12203.19033333333,13129.7
2025-06-08 22:45:00,13288.633,12293.83166666666,15611.38
2025-06-08 23:00:00,12155.264,12509.45666666666,15260.31
2025-06-08 23:15:00,12084.473,12119.86849999999,15699.32
